,公司代码,公司简称,公司全称,A股代码,A股简称,A股上市日期,城市
0,300001,特锐德,青岛特锐德电气股份有限公司,300001,特锐德,2009年10月30日,山东青岛市
1,300002,神州泰岳,北京神州泰岳软件股份有限公司,300002,神州泰岳,2009年10月30日,北京市
2,300003,乐普医疗,乐普医疗器械股份有限公司,300003,乐普医疗,2009年10月30日,北京市
3,300004,南风股份,南方风机股份有限公司,300004,南风股份,2009年10月30日,广东佛山市
4,300005,探路者,探路者控股集团股份有限公司,300005,探路者,2009年10月30日,北京市
5,300006,莱美药业,重庆莱美药业股份有限公司,300006,莱美药业,2009年10月30日,重庆市
6,300007,汉威电子,河南汉威电子股份有限公司,300007,汉威电子,2009年10月30日,河南郑州市
7,300008,上海佳豪,上海佳豪船舶工程设计股份有限公司,300008,上海佳豪,2009年10月30日,上海市
8,300009,安科生物,安徽安科生物工程股份有限公司,300009,安科生物,2009年10月30日,安徽合肥市
9,300010,立思辰,北京立思辰科技股份有限公司,300010,立思辰,2009年10月30日,北京市
10,300011,鼎汉技术,北京鼎汉技术股份有限公司,300011,鼎汉技术,2009年10月30日,北京市
11,300012,华测检测,华测检测认证集团股份有限公司,300012,华测检测,2009年10月30日,广东深圳市
12,300013,新宁物流,江苏新宁现代物流股份有限公司,300013,新宁物流,2009年10月30日,江苏苏州市
13,300014,亿纬锂能,惠州亿纬锂能股份有限公司,300014,亿纬锂能,2009年10月30日,广东惠州市
14,300015,爱尔眼科,爱尔眼科医院集团股份有限公司,300015,爱尔眼科,2009年10月30日,湖南长沙市
15,300016,北陆药业,北京北陆药业股份有限公司,300016,北陆药业,2009年10月30日,北京市
16,300017,网宿科技,网宿科技股份有限公司,300017,网宿科技,2009年10月30日,上海市
17,300018,中元华电,武汉中元华电科技股份有限公司,300018,中元华电,2009年10月30日,湖北武汉市
18,300019,硅宝科技,成都硅宝科技股份有限公司,300019,硅宝科技,2009年10月30日,四川成都市
19,300020,银江股份,银江股份有限公司,300020,银江股份,2009年10月30日,浙江杭州市
20,300021,大禹节水,大禹节水集团股份有限公司,300021,大禹节水,2009年10月30日,甘肃酒泉市
21,300022,吉峰农机,吉峰农机连锁股份有限公司,300022,吉峰农机,2009年10月30日,四川成都市
22,300023,宝德股份,西安宝德自动化股份有限公司,300023,宝德股份,2009年10月30日,陕西西安市
23,300024,机器人,沈阳新松机器人自动化股份有限公司,300024,机器人,2009年10月30日,辽宁沈阳市
24,300025,华星创业,杭州华星创业通信技术股份有限公司,300025,华星创业,2009年10月30日,浙江杭州市
25,300026,红日药业,天津红日药业股份有限公司,300026,红日药业,2009年10月30日,天津市
26,300027,华谊兄弟,华谊兄弟传媒股份有限公司,300027,华谊兄弟,2009年10月30日,浙江金华市
27,300028,金亚科技,金亚科技股份有限公司,300028,金亚科技,2009年10月30日,四川成都市
28,300029,天龙光电,江苏华盛天龙光电设备股份有限公司,300029,天龙光电,2009年12月25日,江苏常州市
29,300030,阳普医疗,广州阳普医疗科技股份有限公司,300030,阳普医疗,2009年12月25日,广东广州市
30,300031,宝通科技,无锡宝通科技股份有限公司,300031,宝通科技,2009年12月25日,江苏无锡市
31,300032,金龙机电,金龙机电股份有限公司,300032,金龙机电,2009年12月25日,浙江温州市
32,300033,同花顺,浙江核新同花顺网络信息股份有限公司,300033,同花顺,2009年12月25日,浙江杭州市
33,300034,钢研高纳,北京钢研高纳科技股份有限公司,300034,钢研高纳,2009年12月25日,北京市
34,300035,中科电气,湖南中科电气股份有限公司,300035,中科电气,2009年12月25日,湖南岳阳市
35,300036,超图软件,北京超图软件股份有限公司,300036,超图软件,2009年12月25日,北京市
36,300037,新宙邦,深圳新宙邦科技股份有限公司,300037,新宙邦,2010年1月8日,广东深圳市
37,300038,梅泰诺,北京梅泰诺通信技术股份有限公司,300038,梅泰诺,2010年1月8日,北京市
38,300039,上海凯宝,上海凯宝药业股份有限公司,300039,上海凯宝,2010年1月8日,上海市
39,300040,九洲电气,哈尔滨九洲电气股份有限公司,300040,九洲电气,2010年1月8日,黑龙江哈尔滨市
40,300041,回天新材,湖北回天新材料股份有限公司,300041,回天新材,2010年1月8日,湖北襄阳市
41,300042,朗科科技,深圳市朗科科技股份有限公司,300042,朗科科技,2010年1月8日,广东深圳市
42,300043,互动娱乐,星辉互动娱乐股份有限公司,300043,互动娱乐,2010年1月20日,广东汕头市
43,300044,赛为智能,深圳市赛为智能股份有限公司,300044,赛为智能,2010年1月20日,广东深圳市
44,300045,华力创通,北京华力创通科技股份有限公司,300045,华力创通,2010年1月20日,北京市
45,300046,台基股份,湖北台基半导体股份有限公司,300046,台基股份,2010年1月20日,湖北襄阳市
46,300047,天源迪科,深圳天源迪科信息技术股份有限公司,300047,天源迪科,2010年1月20日,广东深圳市
47,300048,合康变频,北京合康亿盛变频科技股份有限公司,300048,合康变频,2010年1月20日,北京市
48,300049,福瑞股份,内蒙古福瑞医疗科技股份有限公司,300049,福瑞股份,2010年1月20日,内蒙古乌兰察布市
49,300050,世纪鼎利,珠海世纪鼎利科技股份有限公司,300050,世纪鼎利,2010年1月20日,广东珠海市
50,300051,三五互联,厦门三五互联科技股份有限公司,300051,三五互联,2010年2月11日,福建厦门市
51,300052,中青宝,深圳中青宝互动网络股份有限公司,300052,中青宝,2010年2月11日,广东深圳市
52,300053,欧比特,珠海欧比特控制工程股份有限公司,300053,欧比特,2010年2月11日,广东珠海市
53,300054,鼎龙股份,湖北鼎龙化学股份有限公司,300054,鼎龙股份,2010年2月11日,湖北武汉市
54,300055,万邦达,北京万邦达环保技术股份有限公司,300055,万邦达,2010年2月26日,北京市
55,300056,三维丝,厦门三维丝环保股份有限公司,300056,三维丝,2010年2月26日,福建厦门市
56,300057,万顺股份,汕头万顺包装材料股份有限公司,300057,万顺股份,2010年2月26日,广东汕头市
57,300058,蓝色光标,北京蓝色光标品牌管理顾问股份有限公司,300058,蓝色光标,2010年2月26日,北京市
58,300059,东方财富,东方财富信息股份有限公司,300059,东方财富,2010年3月19日,上海市
59,300061,康耐特,上海康耐特光学股份有限公司,300061,康耐特,2010年3月19日,上海市
60,300062,中能电气,中能电气股份有限公司,300062,中能电气,2010年3月19日,福建福州市
61,300063,天龙集团,广东天龙油墨集团股份有限公司,300063,天龙集团,2010年3月26日,广东肇庆市
62,300064,豫金刚石,郑州华晶金刚石股份有限公司,300064,豫金刚石,2010年3月26日,河南郑州市
63,300065,海兰信,北京海兰信数据科技股份有限公司,300065,海兰信,2010年3月26日,北京市
64,300066,三川智慧,三川智慧科技股份有限公司,300066,三川智慧,2010年3月26日,江西鹰潭市
65,300067,安诺其,上海安诺其集团股份有限公司,300067,安诺其,2010年4月21日,上海市
66,300068,南都电源,浙江南都电源动力股份有限公司,300068,南都电源,2010年4月21日,浙江杭州市
67,300069,金利华电,浙江金利华电气股份有限公司,300069,金利华电,2010年4月21日,浙江金华市
68,300070,碧水源,北京碧水源科技股份有限公司,300070,碧水源,2010年4月21日,北京市
69,300071,华谊嘉信,北京华谊嘉信整合营销顾问集团股份有限公司,300071,华谊嘉信,2010年4月21日,北京市
70,300072,三聚环保,北京三聚环保新材料股份有限公司,300072,三聚环保,2010年4月27日,北京市
71,300073,当升科技,北京当升材料科技股份有限公司,300073,当升科技,2010年4月27日,北京市
72,300074,华平股份,华平信息技术股份有限公司,300074,华平股份,2010年4月27日,上海市
73,300075,数字政通,北京数字政通科技股份有限公司,300075,数字政通,2010年4月27日,北京市
74,300076,GQY视讯,宁波GQY视讯股份有限公司,300076,GQY视讯,2010年4月30日,浙江宁波市
75,300077,国民技术,国民技术股份有限公司,300077,国民技术,2010年4月30日,广东深圳市
76,300078,思创医惠,思创医惠科技股份有限公司,300078,思创医惠,2010年4月30日,浙江杭州市
77,300079,数码视讯,北京数码视讯科技股份有限公司,300079,数码视讯,2010年4月30日,北京市
78,300080,易成新能,河南易成新能源股份有限公司,300080,易成新能,2010年6月25日,河南开封市
79,300081,恒信移动,恒信移动商务股份有限公司,300081,恒信移动,2010年5月20日,河北石家庄市
80,300082,奥克股份,辽宁奥克化学股份有限公司,300082,奥克股份,2010年5月20日,辽宁辽阳市
81,300083,劲胜精密,东莞劲胜精密组件股份有限公司,300083,劲胜精密,2010年5月20日,广东东莞市
82,300084,海默科技,兰州海默科技股份有限公司,300084,海默科技,2010年5月20日,甘肃兰州市
83,300085,银之杰,深圳市银之杰科技股份有限公司,300085,银之杰,2010年5月26日,广东深圳市
84,300086,康芝药业,海南康芝药业股份有限公司,300086,康芝药业,2010年5月26日,海南海口市
85,300087,荃银高科,安徽荃银高科种业股份有限公司,300087,荃银高科,2010年5月26日,安徽合肥市
86,300088,长信科技,芜湖长信科技股份有限公司,300088,长信科技,2010年5月26日,安徽芜湖市
87,300089,文化长城,广东文化长城集团股份有限公司,300089,文化长城,2010年6月25日,广东潮州市
88,300090,盛运环保,安徽盛运环保（集团）股份有限公司,300090,盛运环保,2010年6月25日,安徽安庆市
89,300091,金通灵,江苏金通灵流体机械科技股份有限公司,300091,金通灵,2010年6月25日,江苏南通市
90,300092,科新机电,四川科新机电股份有限公司,300092,科新机电,2010年7月8日,四川德阳市
91,300093,金刚玻璃,广东金刚玻璃科技股份有限公司,300093,金刚玻璃,2010年7月8日,广东汕头市
92,300094,国联水产,湛江国联水产开发股份有限公司,300094,国联水产,2010年7月8日,广东湛江市
93,300095,华伍股份,江西华伍制动器股份有限公司,300095,华伍股份,2010年7月28日,江西宜春市
94,300096,易联众,易联众信息技术股份有限公司,300096,易联众,2010年7月28日,福建厦门市
95,300097,智云股份,大连智云自动化装备股份有限公司,300097,智云股份,2010年7月28日,辽宁大连市
96,300098,高新兴,高新兴科技集团股份有限公司,300098,高新兴,2010年7月28日,广东广州市
97,300099,尤洛卡,尤洛卡矿业安全工程股份有限公司,300099,尤洛卡,2010年8月6日,山东泰安市
98,300100,双林股份,宁波双林汽车部件股份有限公司,300100,双林股份,2010年8月6日,浙江宁波市
99,300101,振芯科技,成都振芯科技股份有限公司,300101,振芯科技,2010年8月6日,四川成都市
100,300102,干照光电,厦门干照光电股份有限公司,300102,干照光电,2010年8月12日,福建厦门市
101,300103,达刚路机,西安达刚路面机械股份有限公司,300103,达刚路机,2010年8月12日,陕西西安市
102,300104,乐视网,乐视网信息技术（北京）股份有限公司,300104,乐视网,2010年8月12日,北京市
103,300105,龙源技术,烟台龙源电力技术股份有限公司,300105,龙源技术,2010年8月20日,山东烟台市
104,300106,西部牧业,新疆西部牧业股份有限公司,300106,西部牧业,2010年8月20日,新疆石河子市
105,300107,建新股份,河北建新化工股份有限公司,300107,建新股份,2010年8月20日,河北沧州市
106,300108,双龙股份,通化双龙化工股份有限公司,300108,双龙股份,2010年8月25日,吉林通化市
107,300109,新开源,博爱新开源制药股份有限公司,300109,新开源,2010年8月25日,河南焦作市
108,300110,华仁药业,华仁药业股份有限公司,300110,华仁药业,2010年8月25日,山东青岛市
109,300111,向日葵,浙江向日葵光能科技股份有限公司,300111,向日葵,2010年8月27日,浙江绍兴市
110,300112,万讯自控,深圳万讯自控股份有限公司,300112,万讯自控,2010年8月27日,广东深圳市
111,300113,顺网科技,杭州顺网科技股份有限公司,300113,顺网科技,2010年8月27日,浙江杭州市
112,300114,中航电测,中航电测仪器股份有限公司,300114,中航电测,2010年8月27日,陕西汉中市
113,300115,长盈精密,深圳市长盈精密技术股份有限公司,300115,长盈精密,2010年9月2日,广东深圳市
114,300116,坚瑞消防,陕西坚瑞消防股份有限公司,300116,坚瑞消防,2010年9月2日,陕西西安市
115,300117,嘉寓股份,北京嘉寓门窗幕墙股份有限公司,300117,嘉寓股份,2010年9月2日,北京市
116,300118,东方日升,东方日升新能源股份有限公司,300118,东方日升,2010年9月2日,浙江宁波市
117,300119,瑞普生物,天津瑞普生物技术股份有限公司,300119,瑞普生物,2010年9月17日,天津市
118,300120,经纬电材,天津经纬电材股份有限公司,300120,经纬电材,2010年9月17日,天津市
119,300121,阳谷华泰,山东阳谷华泰化工股份有限公司,300121,阳谷华泰,2010年9月17日,山东聊城市
120,300122,智飞生物,重庆智飞生物制品股份有限公司,300122,智飞生物,2010年9月28日,重庆市
121,300123,太阳鸟,太阳鸟游艇股份有限公司,300123,太阳鸟,2010年9月28日,湖南益阳市
122,300124,汇川技术,深圳市汇川技术股份有限公司,300124,汇川技术,2010年9月28日,广东深圳市
123,300125,易世达,大连易世达新能源发展股份有限公司,300125,易世达,2010年10月13日,辽宁大连市
124,300126,锐奇股份,锐奇控股股份有限公司,300126,锐奇股份,2010年10月13日,上海市
125,300127,银河磁体,成都银河磁体股份有限公司,300127,银河磁体,2010年10月13日,四川成都市
126,300128,锦富新材,苏州锦富新材料股份有限公司,300128,锦富新材,2010年10月13日,江苏苏州市
127,300129,泰胜风能,上海泰胜风能装备股份有限公司,300129,泰胜风能,2010年10月19日,上海市
128,300130,新国都,深圳市新国都技术股份有限公司,300130,新国都,2010年10月19日,广东深圳市
129,300131,英唐智控,深圳市英唐智能控制股份有限公司,300131,英唐智控,2010年10月19日,广东深圳市
130,300132,青松股份,福建青松股份有限公司,300132,青松股份,2010年10月26日,福建南平市
131,300133,华策影视,浙江华策影视股份有限公司,300133,华策影视,2010年10月26日,浙江杭州市
132,300134,大富科技,深圳市大富科技股份有限公司,300134,大富科技,2010年10月26日,广东深圳市
133,300135,宝利国际,江苏宝利国际投资股份有限公司,300135,宝利国际,2010年10月26日,江苏无锡市
134,300136,信维通信,深圳市信维通信股份有限公司,300136,信维通信,2010年11月5日,广东深圳市
135,300137,先河环保,河北先河环保科技股份有限公司,300137,先河环保,2010年11月5日,河北石家庄市
136,300138,晨光生物,晨光生物科技集团股份有限公司,300138,晨光生物,2010年11月5日,河北邯郸市
137,300139,晓程科技,北京晓程科技股份有限公司,300139,晓程科技,2010年11月12日,北京市
138,300140,启源装备,西安启源机电装备股份有限公司,300140,启源装备,2010年11月12日,陕西西安市
139,300141,和顺电气,苏州工业园区和顺电气股份有限公司,300141,和顺电气,2010年11月12日,江苏苏州市
140,300142,沃森生物,云南沃森生物技术股份有限公司,300142,沃森生物,2010年11月12日,云南昆明市
141,300143,星河生物,广东星河生物科技股份有限公司,300143,星河生物,2010年12月9日,广东东莞市
142,300144,宋城演艺,宋城演艺发展股份有限公司,300144,宋城演艺,2010年12月9日,浙江杭州市
143,300145,南方泵业,南方泵业股份有限公司,300145,南方泵业,2010年12月9日,浙江杭州市
144,300146,汤臣倍健,汤臣倍健股份有限公司,300146,汤臣倍健,2010年12月15日,广东珠海市
145,300147,香雪制药,广州市香雪制药股份有限公司,300147,香雪制药,2010年12月15日,广东广州市
146,300148,天舟文化,天舟文化股份有限公司,300148,天舟文化,2010年12月15日,湖南长沙市
147,300149,量子高科,量子高科（中国）生物股份有限公司,300149,量子高科,2010年12月22日,广东江门市
148,300150,世纪瑞尔,北京世纪瑞尔技术股份有限公司,300150,世纪瑞尔,2010年12月22日,北京市
149,300151,昌红科技,深圳市昌红科技股份有限公司,300151,昌红科技,2010年12月22日,广东深圳市
150,300152,科融环境,徐州科融环境资源股份有限公司,300152,科融环境,2010年12月29日,江苏徐州市
151,300153,科泰电源,上海科泰电源股份有限公司,300153,科泰电源,2010年12月29日,上海市
152,300154,瑞凌股份,深圳市瑞凌实业股份有限公司,300154,瑞凌股份,2010年12月29日,广东深圳市
153,300155,安居宝,广东安居宝数码科技股份有限公司,300155,安居宝,2011年1月7日,广东广州市
154,300156,神雾环保,神雾环保技术股份有限公司,300156,神雾环保,2011年1月7日,北京市
155,300157,恒泰艾普,恒泰艾普石油天然气技术服务股份有限公司,300157,恒泰艾普,2011年1月7日,北京市
156,300158,振东制药,山西振东制药股份有限公司,300158,振东制药,2011年1月7日,山西长治市
157,300159,新研股份,新疆机械研究院股份有限公司,300159,新研股份,2011年1月7日,新疆乌鲁木齐市
158,300160,秀强股份,江苏秀强玻璃工艺股份有限公司,300160,秀强股份,2011年1月13日,江苏宿迁市
159,300161,华中数控,武汉华中数控股份有限公司,300161,华中数控,2011年1月13日,湖北武汉市
160,300162,雷曼股份,深圳雷曼光电科技股份有限公司,300162,雷曼股份,2011年1月13日,广东深圳市
161,300163,先锋新材,宁波先锋新材料股份有限公司,300163,先锋新材,2011年1月13日,浙江宁波市
162,300164,通源石油,西安通源石油科技股份有限公司,300164,通源石油,2011年1月13日,陕西西安市
163,300165,天瑞仪器,江苏天瑞仪器股份有限公司,300165,天瑞仪器,2011年1月25日,江苏苏州市
164,300166,东方国信,北京东方国信科技股份有限公司,300166,东方国信,2011年1月25日,北京市
165,300167,迪威视讯,深圳市迪威视讯股份有限公司,300167,迪威视讯,2011年1月25日,广东深圳市
166,300168,万达信息,万达信息股份有限公司,300168,万达信息,2011年1月25日,上海市
167,300169,天晟新材,常州天晟新材料股份有限公司,300169,天晟新材,2011年1月25日,江苏常州市
168,300170,汉得信息,上海汉得信息技术股份有限公司,300170,汉得信息,2011年2月1日,上海市
169,300171,东富龙,上海东富龙科技股份有限公司,300171,东富龙,2011年2月1日,上海市
170,300172,中电环保,中电环保股份有限公司,300172,中电环保,2011年2月1日,江苏南京市
171,300173,智慧松德,松德智慧装备股份有限公司,300173,智慧松德,2011年2月1日,广东中山市
172,300174,元力股份,福建元力活性炭股份有限公司,300174,元力股份,2011年2月1日,福建南平市
173,300175,朗源股份,朗源股份有限公司,300175,朗源股份,2011年2月15日,山东烟台市
174,300176,鸿特精密,广东鸿特精密技术股份有限公司,300176,鸿特精密,2011年2月15日,广东肇庆市
175,300177,中海达,广州中海达卫星导航技术股份有限公司,300177,中海达,2011年2月15日,广东广州市
176,300178,腾邦国际,深圳市腾邦国际商业服务股份有限公司,300178,腾邦国际,2011年2月15日,广东深圳市
177,300179,四方达,河南四方达超硬材料股份有限公司,300179,四方达,2011年2月15日,河南郑州市
178,300180,华峰超纤,上海华峰超纤材料股份有限公司,300180,华峰超纤,2011年2月22日,上海市
179,300181,佐力药业,浙江佐力药业股份有限公司,300181,佐力药业,2011年2月22日,浙江湖州市
180,300182,捷成股份,北京捷成世纪科技股份有限公司,300182,捷成股份,2011年2月22日,北京市
181,300183,东软载波,青岛东软载波科技股份有限公司,300183,东软载波,2011年2月22日,山东青岛市
182,300184,力源信息,武汉力源信息技术股份有限公司,300184,力源信息,2011年2月22日,湖北武汉市
183,300185,通裕重工,通裕重工股份有限公司,300185,通裕重工,2011年3月8日,山东德州市
184,300187,永清环保,永清环保股份有限公司,300187,永清环保,2011年3月8日,湖南长沙市
185,300188,美亚柏科,厦门市美亚柏科信息股份有限公司,300188,美亚柏科,2011年3月16日,福建厦门市
186,300189,神农基因,海南神农基因科技股份有限公司,300189,神农基因,2011年3月16日,海南海口市
187,300190,维尔利,江苏维尔利环保科技股份有限公司,300190,维尔利,2011年3月16日,江苏常州市
188,300191,潜能恒信,潜能恒信能源技术股份有限公司,300191,潜能恒信,2011年3月16日,北京市
189,300192,科斯伍德,苏州科斯伍德油墨股份有限公司,300192,科斯伍德,2011年3月22日,江苏苏州市
190,300193,佳士科技,深圳市佳士科技股份有限公司,300193,佳士科技,2011年3月22日,广东深圳市
191,300194,福安药业,福安药业（集团）股份有限公司,300194,福安药业,2011年3月22日,重庆市
192,300195,长荣股份,天津长荣印刷设备股份有限公司,300195,长荣股份,2011年3月29日,天津市
193,300196,长海股份,江苏长海复合材料股份有限公司,300196,长海股份,2011年3月29日,江苏常州市
194,300197,铁汉生态,深圳市铁汉生态环境股份有限公司,300197,铁汉生态,2011年3月29日,广东深圳市
195,300198,纳川股份,福建纳川管材科技股份有限公司,300198,纳川股份,2011年4月7日,福建泉州市
196,300199,翰宇药业,深圳翰宇药业股份有限公司,300199,翰宇药业,2011年4月7日,广东深圳市
197,300200,高盟新材,北京高盟新材料股份有限公司,300200,高盟新材,2011年4月7日,北京市
198,300201,海伦哲,徐州海伦哲专用车辆股份有限公司,300201,海伦哲,2011年4月7日,江苏徐州市
199,300202,聚龙股份,聚龙股份有限公司,300202,聚龙股份,2011年4月15日,辽宁鞍山市
200,300203,聚光科技,聚光科技（杭州）股份有限公司,300203,聚光科技,2011年4月15日,浙江杭州市
201,300204,舒泰神,舒泰神(北京)生物制药股份有限公司,300204,舒泰神,2011年4月15日,北京市
202,300205,天喻信息,武汉天喻信息产业股份有限公司,300205,天喻信息,2011年4月21日,湖北武汉市
203,300206,理邦仪器,深圳市理邦精密仪器股份有限公司,300206,理邦仪器,2011年4月21日,广东深圳市
204,300207,欣旺达,欣旺达电子股份有限公司,300207,欣旺达,2011年4月21日,广东深圳市
205,300208,恒顺众昇,青岛市恒顺众昇集团股份有限公司,300208,恒顺众昇,2011年4月26日,山东青岛市
206,300209,天泽信息,天泽信息产业股份有限公司,300209,天泽信息,2011年4月26日,江苏南京市
207,300210,森远股份,鞍山森远路桥股份有限公司,300210,森远股份,2011年4月26日,辽宁鞍山市
208,300211,亿通科技,江苏亿通高科技股份有限公司,300211,亿通科技,2011年5月5日,江苏苏州市
209,300212,易华录,北京易华录信息技术股份有限公司,300212,易华录,2011年5月5日,北京市
210,300213,佳讯飞鸿,北京佳讯飞鸿电气股份有限公司,300213,佳讯飞鸿,2011年5月5日,北京市
211,300214,日科化学,山东日科化学股份有限公司,300214,日科化学,2011年5月11日,山东潍坊市
212,300215,电科院,苏州电器科学研究院股份有限公司,300215,电科院,2011年5月11日,江苏苏州市
213,300216,千山药机,湖南千山制药机械股份有限公司,300216,千山药机,2011年5月11日,湖南长沙市
214,300217,东方电热,镇江东方电热科技股份有限公司,300217,东方电热,2011年5月18日,江苏镇江市
215,300218,安利股份,安徽安利材料科技股份有限公司,300218,安利股份,2011年5月18日,安徽合肥市
216,300219,鸿利光电,广州市鸿利光电股份有限公司,300219,鸿利光电,2011年5月18日,广东广州市
217,300220,金运激光,武汉金运激光股份有限公司,300220,金运激光,2011年5月25日,湖北武汉市
218,300221,银禧科技,广东银禧科技股份有限公司,300221,银禧科技,2011年5月25日,广东东莞市
219,300222,科大智能,科大智能科技股份有限公司,300222,科大智能,2011年5月25日,上海市
220,300223,北京君正,北京君正集成电路股份有限公司,300223,北京君正,2011年5月31日,北京市
221,300224,正海磁材,烟台正海磁性材料股份有限公司,300224,正海磁材,2011年5月31日,山东烟台市
222,300225,金力泰,上海金力泰化工股份有限公司,300225,金力泰,2011年5月31日,上海市
223,300226,上海钢联,上海钢联电子商务股份有限公司,300226,上海钢联,2011年6月8日,上海市
224,300227,光韵达,深圳光韵达光电科技股份有限公司,300227,光韵达,2011年6月8日,广东深圳市
225,300228,富瑞特装,张家港富瑞特种装备股份有限公司,300228,富瑞特装,2011年6月8日,江苏苏州市
226,300229,拓尔思,北京拓尔思信息技术股份有限公司,300229,拓尔思,2011年6月15日,北京市
227,300230,永利股份,上海永利带业股份有限公司,300230,永利股份,2011年6月15日,上海市
228,300231,银信科技,北京银信长远科技股份有限公司,300231,银信科技,2011年6月15日,北京市
229,300232,洲明科技,深圳市洲明科技股份有限公司,300232,洲明科技,2011年6月22日,广东深圳市
230,300233,金城医药,山东金城医药化工股份有限公司,300233,金城医药,2011年6月22日,山东淄博市
231,300234,开尔新材,浙江开尔新材料股份有限公司,300234,开尔新材,2011年6月22日,浙江金华市
232,300235,方直科技,深圳市方直科技股份有限公司,300235,方直科技,2011年6月29日,广东深圳市
233,300236,上海新阳,上海新阳半导体材料股份有限公司,300236,上海新阳,2011年6月29日,上海市
234,300237,美晨科技,山东美晨科技股份有限公司,300237,美晨科技,2011年6月29日,山东潍坊市
235,300238,冠昊生物,冠昊生物科技股份有限公司,300238,冠昊生物,2011年7月6日,广东广州市
236,300239,东宝生物,包头东宝生物技术股份有限公司,300239,东宝生物,2011年7月6日,内蒙古包头市
237,300240,飞力达,江苏飞力达国际物流股份有限公司,300240,飞力达,2011年7月6日,江苏苏州市
238,300241,瑞丰光电,深圳市瑞丰光电子股份有限公司,300241,瑞丰光电,2011年7月12日,广东深圳市
239,300242,明家科技,广东明家科技股份有限公司,300242,明家科技,2011年7月12日,广东东莞市
240,300243,瑞丰高材,山东瑞丰高分子材料股份有限公司,300243,瑞丰高材,2011年7月12日,山东淄博市
241,300244,迪安诊断,浙江迪安诊断技术股份有限公司,300244,迪安诊断,2011年7月19日,浙江杭州市
242,300245,天玑科技,上海天玑科技股份有限公司,300245,天玑科技,2011年7月19日,上海市
243,300246,宝莱特,广东宝莱特医用科技股份有限公司,300246,宝莱特,2011年7月19日,广东珠海市
244,300247,乐金健康,安徽乐金健康科技股份有限公司,300247,乐金健康,2011年7月29日,安徽合肥市
245,300248,新开普,新开普电子股份有限公司,300248,新开普,2011年7月29日,河南郑州市
246,300249,依米康,四川依米康环境科技股份有限公司,300249,依米康,2011年8月3日,四川成都市
247,300250,初灵信息,杭州初灵信息技术股份有限公司,300250,初灵信息,2011年8月3日,浙江杭州市
248,300251,光线传媒,北京光线传媒股份有限公司,300251,光线传媒,2011年8月3日,北京市
249,300252,金信诺,深圳金信诺高新技术股份有限公司,300252,金信诺,2011年8月18日,广东深圳市
250,300253,卫宁健康,卫宁健康科技集团股份有限公司,300253,卫宁健康,2011年8月18日,上海市
251,300254,仟源医药,山西仟源医药集团股份有限公司,300254,仟源医药,2011年8月19日,山西大同市
252,300255,常山药业,河北常山生化药业股份有限公司,300255,常山药业,2011年8月19日,河北石家庄市
253,300256,星星科技,浙江星星科技股份有限公司,300256,星星科技,2011年8月19日,浙江台州市
254,300257,开山股份,浙江开山压缩机股份有限公司,300257,开山股份,2011年8月19日,浙江衢州市
255,300258,精锻科技,江苏太平洋精锻科技股份有限公司,300258,精锻科技,2011年8月26日,江苏泰州市
256,300259,新天科技,新天科技股份有限公司,300259,新天科技,2011年8月31日,河南郑州市
257,300260,新莱应材,昆山新莱洁净应用材料股份有限公司,300260,新莱应材,2011年9月6日,江苏苏州市
258,300261,雅本化学,雅本化学股份有限公司,300261,雅本化学,2011年9月6日,江苏苏州市
259,300262,巴安水务,上海巴安水务股份有限公司,300262,巴安水务,2011年9月16日,上海市
260,300263,隆华节能,洛阳隆华传热节能股份有限公司,300263,隆华节能,2011年9月16日,河南洛阳市
261,300264,佳创视讯,深圳市佳创视讯技术股份有限公司,300264,佳创视讯,2011年9月16日,广东深圳市
262,300265,通光线缆,江苏通光电子线缆股份有限公司,300265,通光线缆,2011年9月16日,江苏南通市
263,300266,兴源环境,兴源环境科技股份有限公司,300266,兴源环境,2011年9月27日,浙江杭州市
264,300267,尔康制药,湖南尔康制药股份有限公司,300267,尔康制药,2011年9月27日,湖南长沙市
265,300268,万福生科,万福生科（湖南）农业开发股份有限公司,300268,万福生科,2011年9月27日,湖南常德市
266,300269,联建光电,深圳市联建光电股份有限公司,300269,联建光电,2011年10月12日,广东深圳市
267,300270,中威电子,杭州中威电子股份有限公司,300270,中威电子,2011年10月12日,浙江杭州市
268,300271,华宇软件,北京华宇软件股份有限公司,300271,华宇软件,2011年10月26日,北京市
269,300272,开能环保,上海开能环保设备股份有限公司,300272,开能环保,2011年11月2日,上海市
270,300273,和佳股份,珠海和佳医疗设备股份有限公司,300273,和佳股份,2011年10月26日,广东珠海市
271,300274,阳光电源,阳光电源股份有限公司,300274,阳光电源,2011年11月2日,安徽合肥市
272,300275,梅安森,重庆梅安森科技股份有限公司,300275,梅安森,2011年11月2日,重庆市
273,300276,三丰智能,湖北三丰智能输送装备股份有限公司,300276,三丰智能,2011年11月15日,湖北黄石市
274,300277,海联讯,深圳海联讯科技股份有限公司,300277,海联讯,2011年11月23日,广东深圳市
275,300278,华昌达,湖北华昌达智能装备股份有限公司,300278,华昌达,2011年12月16日,湖北十堰市
276,300279,和晶科技,无锡和晶科技股份有限公司,300279,和晶科技,2011年12月29日,江苏无锡市
277,300280,南通锻压,南通锻压设备股份有限公司,300280,南通锻压,2011年12月29日,江苏南通市
278,300281,金明精机,广东金明精机股份有限公司,300281,金明精机,2011年12月29日,广东汕头市
279,300282,汇冠股份,北京汇冠新技术股份有限公司,300282,汇冠股份,2011年12月29日,北京市
280,300283,温州宏丰,温州宏丰电工合金股份有限公司,300283,温州宏丰,2012年1月10日,浙江温州市
281,300284,苏交科,苏交科集团股份有限公司,300284,苏交科,2012年1月10日,江苏南京市
282,300285,国瓷材料,山东国瓷功能材料股份有限公司,300285,国瓷材料,2012年1月13日,山东东营市
283,300286,安科瑞,安科瑞电气股份有限公司,300286,安科瑞,2012年1月13日,上海市
284,300287,飞利信,北京飞利信科技股份有限公司,300287,飞利信,2012年2月1日,北京市
285,300288,朗玛信息,贵阳朗玛信息技术股份有限公司,300288,朗玛信息,2012年2月16日,贵州贵阳市
286,300289,利德曼,北京利德曼生化股份有限公司,300289,利德曼,2012年2月16日,北京市
287,300290,荣科科技,荣科科技股份有限公司,300290,荣科科技,2012年2月16日,辽宁沈阳市
288,300291,华录百纳,北京华录百纳影视股份有限公司,300291,华录百纳,2012年2月9日,北京市
289,300292,吴通控股,吴通控股集团股份有限公司,300292,吴通控股,2012年2月29日,江苏苏州市
290,300293,蓝英装备,沈阳蓝英工业自动化装备股份有限公司,300293,蓝英装备,2012年3月8日,辽宁沈阳市
291,300294,博雅生物,江西博雅生物制药股份有限公司,300294,博雅生物,2012年3月8日,江西抚州市
292,300295,三六五网,江苏三六五网络股份有限公司,300295,三六五网,2012年3月15日,江苏南京市
293,300296,利亚德,利亚德光电股份有限公司,300296,利亚德,2012年3月15日,北京市
294,300297,蓝盾股份,蓝盾信息安全技术股份有限公司,300297,蓝盾股份,2012年3月15日,广东广州市
295,300298,三诺生物,三诺生物传感股份有限公司,300298,三诺生物,2012年3月19日,湖南长沙市
296,300299,富春通信,富春通信股份有限公司,300299,富春通信,2012年3月19日,福建福州市
297,300300,汉鼎股份,汉鼎信息科技股份有限公司,300300,汉鼎股份,2012年3月19日,浙江杭州市
298,300301,长方集团,深圳市长方集团股份有限公司,300301,长方集团,2012年3月21日,广东深圳市
299,300302,同有科技,北京同有飞骥科技股份有限公司,300302,同有科技,2012年3月21日,北京市
300,300303,聚飞光电,深圳市聚飞光电股份有限公司,300303,聚飞光电,2012年3月19日,广东深圳市
301,300304,云意电气,江苏云意电气股份有限公司,300304,云意电气,2012年3月21日,江苏徐州市
302,300305,裕兴股份,江苏裕兴薄膜科技股份有限公司,300305,裕兴股份,2012年3月29日,江苏常州市
303,300306,远方光电,杭州远方光电信息股份有限公司,300306,远方光电,2012年3月29日,浙江杭州市
304,300307,慈星股份,宁波慈星股份有限公司,300307,慈星股份,2012年3月29日,浙江宁波市
305,300308,中际装备,山东中际电工装备股份有限公司,300308,中际装备,2012年4月10日,山东烟台市
306,300309,吉艾科技,吉艾科技（北京）股份公司,300309,吉艾科技,2012年4月10日,北京市
307,300310,宜通世纪,广东宜通世纪科技股份有限公司,300310,宜通世纪,2012年4月25日,广东广州市
308,300311,任子行,任子行网络技术股份有限公司,300311,任子行,2012年4月25日,广东深圳市
309,300312,邦讯技术,邦讯技术股份有限公司,300312,邦讯技术,2012年5月8日,北京市
310,300313,天山生物,新疆天山畜牧生物工程股份有限公司,300313,天山生物,2012年4月25日,新疆昌吉回族自治州
311,300314,戴维医疗,宁波戴维医疗器械股份有限公司,300314,戴维医疗,2012年5月8日,浙江宁波市
312,300315,掌趣科技,北京掌趣科技股份有限公司,300315,掌趣科技,2012年5月11日,北京市
313,300316,晶盛机电,浙江晶盛机电股份有限公司,300316,晶盛机电,2012年5月11日,浙江绍兴市
314,300317,珈伟股份,深圳珈伟光伏照明股份有限公司,300317,珈伟股份,2012年5月11日,广东深圳市
315,300318,博晖创新,北京博晖创新光电技术股份有限公司,300318,博晖创新,2012年5月23日,北京市
316,300319,麦捷科技,深圳市麦捷微电子科技股份有限公司,300319,麦捷科技,2012年5月23日,广东深圳市
317,300320,海达股份,江阴海达橡塑股份有限公司,300320,海达股份,2012年6月1日,江苏无锡市
318,300321,同大股份,山东同大海岛新材料股份有限公司,300321,同大股份,2012年5月23日,山东潍坊市
319,300322,硕贝德,惠州硕贝德无线科技股份有限公司,300322,硕贝德,2012年6月8日,广东惠州市
320,300323,华灿光电,华灿光电股份有限公司,300323,华灿光电,2012年6月1日,湖北武汉市
321,300324,旋极信息,北京旋极信息技术股份有限公司,300324,旋极信息,2012年6月8日,北京市
322,300325,德威新材,江苏德威新材料股份有限公司,300325,德威新材,2012年6月1日,江苏苏州市
323,300326,凯利泰,上海凯利泰医疗科技股份有限公司,300326,凯利泰,2012年6月13日,上海市
324,300327,中颖电子,中颖电子股份有限公司,300327,中颖电子,2012年6月13日,上海市
325,300328,宜安科技,东莞宜安科技股份有限公司,300328,宜安科技,2012年6月19日,广东东莞市
326,300329,海伦钢琴,海伦钢琴股份有限公司,300329,海伦钢琴,2012年6月19日,浙江宁波市
327,300330,华虹计通,上海华虹计通智能系统股份有限公司,300330,华虹计通,2012年6月19日,上海市
328,300331,苏大维格,苏州苏大维格光电科技股份有限公司,300331,苏大维格,2012年6月28日,江苏苏州市
329,300332,天壕环境,天壕环境股份有限公司,300332,天壕环境,2012年6月28日,北京市
330,300333,兆日科技,深圳兆日科技股份有限公司,300333,兆日科技,2012年6月28日,广东深圳市
331,300334,津膜科技,天津膜天膜科技股份有限公司,300334,津膜科技,2012年7月5日,天津市
332,300335,迪森股份,广州迪森热能技术股份有限公司,300335,迪森股份,2012年7月10日,广东广州市
333,300336,新文化,上海新文化传媒集团股份有限公司,300336,新文化,2012年7月10日,上海市
334,300337,银邦股份,银邦金属复合材料股份有限公司,300337,银邦股份,2012年7月18日,江苏无锡市
335,300338,开元仪器,长沙开元仪器股份有限公司,300338,开元仪器,2012年7月26日,湖南长沙市
336,300339,润和软件,江苏润和软件股份有限公司,300339,润和软件,2012年7月18日,江苏南京市
337,300340,科恒股份,江门市科恒实业股份有限公司,300340,科恒股份,2012年7月26日,广东江门市
338,300341,麦迪电气,麦克奥迪（厦门）电气股份有限公司,300341,麦迪电气,2012年7月26日,福建厦门市
339,300342,天银机电,常熟市天银机电股份有限公司,300342,天银机电,2012年7月26日,江苏苏州市
340,300343,联创股份,山东联创节能新材料股份有限公司,300343,联创股份,2012年8月1日,山东淄博市
341,300344,太空板业,北京太空板业股份有限公司,300344,太空板业,2012年8月1日,北京市
342,300345,红宇新材,湖南红宇耐磨新材料股份有限公司,300345,红宇新材,2012年8月1日,湖南长沙市
343,300346,南大光电,江苏南大光电材料股份有限公司,300346,南大光电,2012年8月7日,江苏苏州市
344,300347,泰格医药,杭州泰格医药科技股份有限公司,300347,泰格医药,2012年8月17日,浙江杭州市
345,300348,长亮科技,深圳市长亮科技股份有限公司,300348,长亮科技,2012年8月17日,广东深圳市
346,300349,金卡股份,金卡高科技股份有限公司,300349,金卡股份,2012年8月17日,浙江温州市
347,300350,华鹏飞,深圳市华鹏飞现代物流股份有限公司,300350,华鹏飞,2012年8月21日,广东深圳市
348,300351,永贵电器,浙江永贵电器股份有限公司,300351,永贵电器,2012年9月20日,浙江台州市
349,300352,北信源,北京北信源软件股份有限公司,300352,北信源,2012年9月12日,北京市
350,300353,东土科技,北京东土科技股份有限公司,300353,东土科技,2012年9月27日,北京市
351,300354,东华测试,江苏东华测试技术股份有限公司,300354,东华测试,2012年9月20日,江苏泰州市
352,300355,蒙草抗旱,内蒙古和信园蒙草抗旱绿化股份有限公司,300355,蒙草抗旱,2012年9月27日,内蒙古呼和浩特市
353,300356,光一科技,光一科技股份有限公司,300356,光一科技,2012年10月9日,江苏南京市
354,300357,我武生物,浙江我武生物科技股份有限公司,300357,我武生物,2014年1月21日,浙江湖州市
355,300358,楚天科技,楚天科技股份有限公司,300358,楚天科技,2014年1月21日,湖南长沙市
356,300359,全通教育,广东全通教育股份有限公司,300359,全通教育,2014年1月21日,广东中山市
357,300360,炬华科技,杭州炬华科技股份有限公司,300360,炬华科技,2014年1月21日,浙江杭州市
358,300362,天翔环境,成都天翔环境股份有限公司,300362,天翔环境,2014年1月21日,四川成都市
359,300363,博腾股份,重庆博腾制药科技股份有限公司,300363,博腾股份,2014年1月29日,重庆市
360,300364,中文在线,中文在线数字出版集团股份有限公司,300364,中文在线,2015年1月21日,北京市
361,300365,恒华科技,北京恒华伟业科技股份有限公司,300365,恒华科技,2014年1月23日,北京市
362,300366,创意信息,四川创意信息技术股份有限公司,300366,创意信息,2014年1月27日,四川成都市
363,300367,东方网力,东方网力科技股份有限公司,300367,东方网力,2014年1月29日,北京市
364,300368,汇金股份,河北汇金机电股份有限公司,300368,汇金股份,2014年1月23日,河北石家庄市
365,300369,绿盟科技,北京神州绿盟信息安全科技股份有限公司,300369,绿盟科技,2014年1月29日,北京市
366,300370,安控科技,北京安控科技股份有限公司,300370,安控科技,2014年1月23日,北京市
367,300371,汇中股份,汇中仪表股份有限公司,300371,汇中股份,2014年1月23日,河北唐山市
368,300372,欣泰电气,丹东欣泰电气股份有限公司,300372,欣泰电气,2014年1月27日,辽宁丹东市
369,300373,扬杰科技,扬州扬杰电子科技股份有限公司,300373,扬杰科技,2014年1月23日,江苏扬州市
370,300374,恒通科技,北京恒通创新赛木科技股份有限公司,300374,恒通科技,2015年3月19日,北京市
371,300375,鹏翎股份,天津鹏翎胶管股份有限公司,300375,鹏翎股份,2014年1月27日,天津市
372,300376,易事特,易事特集团股份有限公司,300376,易事特,2014年1月27日,广东东莞市
373,300377,赢时胜,深圳市赢时胜信息技术股份有限公司,300377,赢时胜,2014年1月27日,广东深圳市
374,300378,鼎捷软件,鼎捷软件股份有限公司,300378,鼎捷软件,2014年1月27日,上海市
375,300379,东方通,北京东方通科技股份有限公司,300379,东方通,2014年1月28日,北京市
376,300380,安硕信息,上海安硕信息技术股份有限公司,300380,安硕信息,2014年1月28日,上海市
377,300381,溢多利,广东溢多利生物科技股份有限公司,300381,溢多利,2014年1月28日,广东珠海市
378,300382,斯莱克,苏州斯莱克精密设备股份有限公司,300382,斯莱克,2014年1月29日,江苏苏州市
379,300383,光环新网,北京光环新网科技股份有限公司,300383,光环新网,2014年1月29日,北京市
380,300384,三联虹普,北京三联虹普新合纤技术服务股份有限公司,300384,三联虹普,2014年8月1日,北京市
381,300385,雪浪环境,无锡雪浪环境科技股份有限公司,300385,雪浪环境,2014年6月26日,江苏无锡市
382,300386,飞天诚信,飞天诚信科技股份有限公司,300386,飞天诚信,2014年6月26日,北京市
383,300387,富邦股份,湖北富邦科技股份有限公司,300387,富邦股份,2014年7月2日,湖北孝感市
384,300388,国祯环保,安徽国祯环保节能科技股份有限公司,300388,国祯环保,2014年8月1日,安徽合肥市
385,300389,艾比森,深圳市艾比森光电股份有限公司,300389,艾比森,2014年8月1日,广东深圳市
386,300390,天华超净,苏州天华超净科技股份有限公司,300390,天华超净,2014年7月31日,江苏苏州市
387,300391,康跃科技,康跃科技股份有限公司,300391,康跃科技,2014年8月1日,山东潍坊市
388,300392,腾信股份,北京腾信创新网络营销技术股份有限公司,300392,腾信股份,2014年9月10日,北京市
389,300393,中来股份,苏州中来光伏新材股份有限公司,300393,中来股份,2014年9月12日,江苏苏州市
390,300394,天孚通信,苏州天孚光通信股份有限公司,300394,天孚通信,2015年2月17日,江苏苏州市
391,300395,菲利华,湖北菲利华石英玻璃股份有限公司,300395,菲利华,2014年9月10日,湖北荆州市
392,300396,迪瑞医疗,长春迪瑞医疗科技股份有限公司,300396,迪瑞医疗,2014年9月10日,吉林长春市
393,300397,天和防务,西安天和防务技术股份有限公司,300397,天和防务,2014年9月10日,陕西西安市
394,300398,飞凯材料,上海飞凯光电材料股份有限公司,300398,飞凯材料,2014年10月9日,上海市
395,300399,京天利,北京无线天利移动信息技术股份有限公司,300399,京天利,2014年10月9日,北京市
396,300400,劲拓股份,深圳市劲拓自动化设备股份有限公司,300400,劲拓股份,2014年10月10日,广东深圳市
397,300401,花园生物,浙江花园生物高科股份有限公司,300401,花园生物,2014年10月9日,浙江金华市
398,300402,宝色股份,南京宝色股份公司,300402,宝色股份,2014年10月10日,江苏南京市
399,300403,地尔汉宇,江门市地尔汉宇电器股份有限公司,300403,地尔汉宇,2014年10月30日,广东江门市
400,300404,博济医药,广州博济医药生物技术股份有限公司,300404,博济医药,2015年4月24日,广东广州市
401,300405,科隆精化,辽宁科隆精细化工股份有限公司,300405,科隆精化,2014年10月30日,辽宁辽阳市
402,300406,九强生物,北京九强生物技术股份有限公司,300406,九强生物,2014年10月30日,北京市
403,300407,凯发电气,天津凯发电气股份有限公司,300407,凯发电气,2014年12月3日,天津市
404,300408,三环集团,潮州三环（集团）股份有限公司,300408,三环集团,2014年12月3日,广东潮州市
405,300409,道氏技术,广东道氏技术股份有限公司,300409,道氏技术,2014年12月3日,广东江门市
406,300410,正业科技,广东正业科技股份有限公司,300410,正业科技,2014年12月31日,广东东莞市
407,300411,金盾股份,浙江金盾风机股份有限公司,300411,金盾股份,2014年12月31日,浙江绍兴市
408,300412,迦南科技,浙江迦南科技股份有限公司,300412,迦南科技,2014年12月31日,浙江温州市
409,300413,快乐购,快乐购物股份有限公司,300413,快乐购,2015年1月21日,湖南长沙市
410,300414,中光防雷,四川中光防雷科技股份有限公司,300414,中光防雷,2015年5月13日,四川成都市
411,300415,伊之密,广东伊之密精密机械股份有限公司,300415,伊之密,2015年1月23日,广东佛山市
412,300416,苏试试验,苏州苏试试验仪器股份有限公司,300416,苏试试验,2015年1月22日,江苏苏州市
413,300417,南华仪器,佛山市南华仪器股份有限公司,300417,南华仪器,2015年1月23日,广东佛山市
414,300418,昆仑万维,北京昆仑万维科技股份有限公司,300418,昆仑万维,2015年1月21日,北京市
415,300419,浩丰科技,北京浩丰创源科技股份有限公司,300419,浩丰科技,2015年1月22日,北京市
416,300420,五洋科技,徐州五洋科技股份有限公司,300420,五洋科技,2015年2月17日,江苏徐州市
417,300421,力星股份,江苏力星通用钢球股份有限公司,300421,力星股份,2015年2月17日,江苏南通市
418,300422,博世科,广西博世科环保科技股份有限公司,300422,博世科,2015年2月17日,广西南宁市
419,300423,鲁亿通,山东鲁亿通智能电气股份有限公司,300423,鲁亿通,2015年2月17日,山东烟台市
420,300424,航新科技,广州航新航空科技股份有限公司,300424,航新科技,2015年4月22日,广东广州市
421,300425,环能科技,四川环能德美科技股份有限公司,300425,环能科技,2015年2月16日,四川成都市
422,300426,唐德影视,浙江唐德影视股份有限公司,300426,唐德影视,2015年2月17日,浙江金华市
423,300427,红相电力,厦门红相电力设备股份有限公司,300427,红相电力,2015年2月17日,福建厦门市
424,300428,四通新材,河北四通新型金属材料股份有限公司,300428,四通新材,2015年3月19日,河北保定市
425,300429,强力新材,常州强力电子新材料股份有限公司,300429,强力新材,2015年3月24日,江苏常州市
426,300430,诚益通,北京诚益通控制工程科技股份有限公司,300430,诚益通,2015年3月19日,北京市
427,300431,暴风科技,北京暴风科技股份有限公司,300431,暴风科技,2015年3月24日,北京市
428,300432,富临精工,绵阳富临精工机械股份有限公司,300432,富临精工,2015年3月19日,四川绵阳市
429,300433,蓝思科技,蓝思科技股份有限公司,300433,蓝思科技,2015年3月18日,湖南长沙市
430,300434,金石东方,四川金石东方新材料设备股份有限公司,300434,金石东方,2015年4月24日,四川成都市
431,300435,中泰股份,杭州中泰深冷技术股份有限公司,300435,中泰股份,2015年3月26日,浙江杭州市
432,300436,广生堂,福建广生堂药业股份有限公司,300436,广生堂,2015年4月22日,福建宁德市
433,300437,清水源,河南清水源科技股份有限公司,300437,清水源,2015年4月23日,河南济源市
434,300438,鹏辉能源,广州鹏辉能源科技股份有限公司,300438,鹏辉能源,2015年4月24日,广东广州市
435,300439,美康生物,宁波美康生物科技股份有限公司,300439,美康生物,2015年4月22日,浙江宁波市
436,300440,运达科技,成都运达科技股份有限公司,300440,运达科技,2015年4月23日,四川成都市
437,300441,鲍斯股份,宁波鲍斯能源装备股份有限公司,300441,鲍斯股份,2015年4月23日,浙江宁波市
438,300442,普丽盛,上海普丽盛包装股份有限公司,300442,普丽盛,2015年4月24日,上海市
439,300443,金雷风电,山东莱芜金雷风电科技股份有限公司,300443,金雷风电,2015年4月22日,山东莱芜市
440,300444,双杰电气,北京双杰电气股份有限公司,300444,双杰电气,2015年4月23日,北京市
441,300445,康斯特,北京康斯特仪表科技股份有限公司,300445,康斯特,2015年4月24日,北京市
442,300446,乐凯新材,保定乐凯新材料股份有限公司,300446,乐凯新材,2015年4月23日,河北保定市
443,300447,全信股份,南京全信传输科技股份有限公司,300447,全信股份,2015年4月22日,江苏南京市
444,300448,浩云科技,广州市浩云安防科技股份有限公司,300448,浩云科技,2015年4月24日,广东广州市
445,300449,汉邦高科,北京汉邦高科数字技术股份有限公司,300449,汉邦高科,2015年4月22日,北京市
446,300450,先导智能,无锡先导智能装备股份有限公司,300450,先导智能,2015年5月18日,江苏无锡市
447,300451,创业软件,创业软件股份有限公司,300451,创业软件,2015年5月14日,浙江杭州市
448,300452,山河药辅,安徽山河药用辅料股份有限公司,300452,山河药辅,2015年5月15日,安徽淮南市
449,300453,三鑫医疗,江西三鑫医疗科技股份有限公司,300453,三鑫医疗,2015年5月15日,江西南昌市
450,300455,康拓红外,北京康拓红外技术股份有限公司,300455,康拓红外,2015年5月15日,北京市
451,300456,耐威科技,北京耐威科技股份有限公司,300456,耐威科技,2015年5月14日,北京市
452,300457,赢合科技,深圳市赢合科技股份有限公司,300457,赢合科技,2015年5月14日,广东深圳市
453,300458,全志科技,珠海全志科技股份有限公司,300458,全志科技,2015年5月15日,广东珠海市
454,300459,浙江金科,浙江金科过氧化物股份有限公司,300459,浙江金科,2015年5月15日,浙江杭州市
455,300460,惠伦晶体,广东惠伦晶体科技股份有限公司,300460,惠伦晶体,2015年5月15日,广东东莞市
456,300461,田中精机,浙江田中精机股份有限公司,300461,田中精机,2015年5月19日,浙江嘉兴市
457,300462,华铭智能,上海华铭智能终端设备股份有限公司,300462,华铭智能,2015年5月27日,上海市
458,300463,迈克生物,四川迈克生物科技股份有限公司,300463,迈克生物,2015年5月28日,四川成都市
459,300464,星徽精密,广东星徽精密制造股份有限公司,300464,星徽精密,2015年6月10日,广东佛山市
460,300465,高伟达,高伟达软件股份有限公司,300465,高伟达,2015年5月28日,北京市
461,300466,赛摩电气,赛摩电气股份有限公司,300466,赛摩电气,2015年5月28日,江苏徐州市
462,300467,迅游科技,四川迅游网络科技股份有限公司,300467,迅游科技,2015年5月27日,四川成都市
463,300468,四方精创,深圳四方精创资讯股份有限公司,300468,四方精创,2015年5月27日,广东深圳市
464,300469,信息发展,上海中信信息发展股份有限公司,300469,信息发展,2015年6月11日,上海市
465,300470,日机密封,四川日机密封件股份有限公司,300470,日机密封,2015年6月12日,四川成都市
466,300471,厚普股份,成都华气厚普机电设备股份有限公司,300471,厚普股份,2015年6月11日,四川成都市
467,300472,新元科技,北京万向新元科技股份有限公司,300472,新元科技,2015年6月11日,北京市
468,300473,德尔股份,阜新德尔汽车部件股份有限公司,300473,德尔股份,2015年6月12日,辽宁阜新市
469,300475,聚隆科技,安徽聚隆传动科技股份有限公司,300475,聚隆科技,2015年6月10日,安徽宣城市
470,300476,胜宏科技,胜宏科技（惠州）股份有限公司,300476,胜宏科技,2015年6月11日,广东惠州市
471,300477,合纵科技,北京合纵科技股份有限公司,300477,合纵科技,2015年6月10日,北京市
472,300478,杭州高新,杭州高新橡塑材料股份有限公司,300478,杭州高新,2015年6月10日,浙江杭州市
473,300479,神思电子,神思电子技术股份有限公司,300479,神思电子,2015年6月12日,山东济南市
474,300480,光力科技,郑州光力科技股份有限公司,300480,光力科技,2015年7月2日,河南郑州市
475,300481,濮阳惠成,濮阳惠成电子材料股份有限公司,300481,濮阳惠成,2015年6月30日,河南濮阳市
476,300482,万孚生物,广州万孚生物技术股份有限公司,300482,万孚生物,2015年6月30日,广东广州市
477,300483,沃施股份,上海沃施园艺股份有限公司,300483,沃施股份,2015年6月30日,上海市
478,300485,赛升药业,北京赛升药业股份有限公司,300485,赛升药业,2015年6月26日,北京市
479,300486,东杰智能,山西东杰智能物流装备股份有限公司,300486,东杰智能,2015年6月30日,山西太原市
480,300487,蓝晓科技,西安蓝晓科技新材料股份有限公司,300487,蓝晓科技,2015年7月2日,陕西西安市
481,300488,恒锋工具,恒锋工具股份有限公司,300488,恒锋工具,2015年7月1日,浙江嘉兴市
482,300489,中飞股份,哈尔滨中飞新技术股份有限公司,300489,中飞股份,2015年7月1日,黑龙江哈尔滨市
483,300490,华自科技,华自科技股份有限公司,300490,华自科技,2015年12月31日,湖南长沙市
484,300491,通合科技,石家庄通合电子科技股份有限公司,300491,通合科技,2015年12月31日,河北石家庄市
485,300492,山鼎设计,四川山鼎建筑工程设计股份有限公司,300492,山鼎设计,2015年12月23日,四川成都市
486,300493,润欣科技,上海润欣科技股份有限公司,300493,润欣科技,2015年12月10日,上海市
487,300494,盛天网络,湖北盛天网络技术股份有限公司,300494,盛天网络,2015年12月31日,湖北武汉市
488,300495,美尚生态,江苏美尚生态景观股份有限公司,300495,美尚生态,2015年12月22日,江苏无锡市
489,300496,中科创达,中科创达软件股份有限公司,300496,中科创达,2015年12月10日,北京市
490,300497,富祥股份,江西富祥药业股份有限公司,300497,富祥股份,2015年12月22日,江西景德镇市
491,300498,温氏股份,广东温氏食品集团股份有限公司,300498,温氏股份,2015年11月2日,广东云浮市
492,300499,高澜股份,广州高澜节能技术股份有限公司,300499,高澜股份,2016年2月2日,广东广州市
493,300500,苏州设计,苏州设计研究院股份有限公司,300500,苏州设计,2016年2月4日,江苏苏州市
494,300501,海顺新材,上海海顺新型药用包装材料股份有限公司,300501,海顺新材,2016-02-04,上海市
495,300502,新易盛,成都新易盛通信技术股份有限公司,300502,新易盛,2016-03-03,四川成都市
496,300503,昊志机电,广州市昊志机电股份有限公司,300503,昊志机电,2016-03-09,广东广州市
497,300505,川金诺,昆明川金诺化工股份有限公司,300505,川金诺,2016-03-15,云南昆明市
498,300506,名家汇,深圳市名家汇科技股份有限公司,300506,名家汇,2016-03-24,广东深圳市
499,300507,苏奥传感,江苏奥力威传感高科股份有限公司,300507,苏奥传感,2016-04-29,江苏扬州市
500,300508,维宏股份,上海维宏电子科技股份有限公司,300508,维宏股份,2016-04-19,上海市
501,300509,新美星,江苏新美星包装机械股份有限公司,300509,新美星,2016-04-25,江苏苏州市
502,300510,金冠电气,吉林省金冠电气股份有限公司,300510,金冠电气,2016-05-06,吉林长春市
503,300511,雪榕生物,上海雪榕生物科技股份有限公司,300511,雪榕生物,2016-05-04,上海市
504,300512,中亚股份,杭州中亚机械股份有限公司,300512,中亚股份,2016-05-26,浙江杭州市
505,300513,恒泰实达,北京恒泰实达科技股份有限公司,300513,恒泰实达,2016-05-30,北京市
506,300515,三德科技,湖南三德科技股份有限公司,300515,三德科技,2016-06-08,湖南长沙市
507,300516,久之洋,湖北久之洋红外系统股份有限公司,300516,久之洋,2016-06-02,湖北武汉市
508,300517,海波重科,海波重型工程科技股份有限公司,300517,海波重科,2016-07-19,湖北武汉市
509,300518,盛讯达,深圳市盛讯达科技股份有限公司,300518,盛讯达,2016-06-24,广东深圳市
510,300519,新光药业,浙江新光药业股份有限公司,300519,新光药业,2016-06-24,浙江绍兴市
511,300520,科大国创,科大国创软件股份有限公司,300520,科大国创,2016-07-08,安徽合肥市
512,300521,爱司凯,广州市爱司凯科技股份有限公司,300521,爱司凯,2016-07-05,广东广州市
513,300522,世名科技,苏州世名科技股份有限公司,300522,世名科技,2016-07-05,江苏苏州市
514,300523,辰安科技,北京辰安科技股份有限公司,300523,辰安科技,2016-07-26,北京市
515,300525,博思软件,福建博思软件股份有限公司,300525,博思软件,2016-07-26,福建福州市
516,300526,中潜股份,中潜股份有限公司,300526,中潜股份,2016-08-02,广东惠州市
517,300527,华舟应急,湖北华舟重工应急装备股份有限公司,300527,华舟应急,2016-08-05,湖北武汉市
518,300528,幸福蓝海,幸福蓝海影视文化集团股份有限公司,300528,幸福蓝海,2016-08-08,江苏南京市
519,300529,健帆生物,珠海健帆生物科技股份有限公司,300529,健帆生物,2016-08-02,广东珠海市
520,300530,达志科技,广东达志环保科技股份有限公司,300530,达志科技,2016-08-09,广东广州市
521,300531,优博讯,深圳市优博讯科技股份有限公司,300531,优博讯,2016-08-09,广东深圳市
522,300532,今天国际,深圳市今天国际物流技术股份有限公司,300532,今天国际,2016-08-18,广东深圳市
523,300533,冰川网络,深圳冰川网络股份有限公司,300533,冰川网络,2016-08-18,广东深圳市
524,300534,陇神戎发,甘肃陇神戎发药业股份有限公司,300534,陇神戎发,2016-09-13,甘肃兰州市
525,300535,达威股份,四川达威科技股份有限公司,300535,达威股份,2016-08-12,四川成都市
526,300536,农尚环境,武汉农尚环境股份有限公司,300536,农尚环境,2016-09-20,湖北武汉市
527,300537,广信材料,江苏广信感光新材料股份有限公司,300537,广信材料,2016-08-30,江苏无锡市
528,300538,同益股份,深圳市同益实业股份有限公司,300538,同益股份,2016-08-26,广东深圳市
529,300539,横河模具,宁波横河模具股份有限公司,300539,横河模具,2016-08-30,浙江宁波市
530,300540,深冷股份,成都深冷液化设备股份有限公司,300540,深冷股份,2016-08-23,四川成都市
531,300541,先进数通,北京先进数通信息技术股份公司,300541,先进数通,2016-09-13,北京市
532,300542,新晨科技,新晨科技股份有限公司,300542,新晨科技,2016-09-20,北京市
533,300543,朗科智能,深圳市朗科智能电气股份有限公司,300543,朗科智能,2016-09-08,广东深圳市
534,300545,联得装备,深圳市联得自动化装备股份有限公司,300545,联得装备,2016-09-28,广东深圳市
535,300546,雄帝科技,深圳市雄帝科技股份有限公司,300546,雄帝科技,2016-09-28,广东深圳市
536,300547,川环科技,四川川环科技股份有限公司,300547,川环科技,2016-09-30,四川达州市
537,300548,博创科技,博创科技股份有限公司,300548,博创科技,2016-10-12,浙江嘉兴市
538,300549,优德精密,优德精密工业（昆山）股份有限公司,300549,优德精密,2016-09-30,江苏苏州市
539,300550,和仁科技,浙江和仁科技股份有限公司,300550,和仁科技,2016-10-18,浙江杭州市
540,300551,古鳌科技,上海古鳌电子科技股份有限公司,300551,古鳌科技,2016-10-18,上海市
541,300552,万集科技,北京万集科技股份有限公司,300552,万集科技,2016-10-21,北京市
542,300553,集智股份,杭州集智机电股份有限公司,300553,集智股份,2016-10-21,浙江杭州市
543,300555,路通视信,无锡路通视信网络股份有限公司,300555,路通视信,2016-10-18,江苏无锡市
544,300556,丝路视觉,深圳丝路数字视觉股份有限公司,300556,丝路视觉,2016-11-04,广东深圳市
545,300557,理工光科,武汉理工光科股份有限公司,300557,理工光科,2016-11-01,湖北武汉市
546,300558,贝达药业,贝达药业股份有限公司,300558,贝达药业,2016-11-07,浙江杭州市
547,300559,佳发安泰,成都佳发安泰科技股份有限公司,300559,佳发安泰,2016-11-01,四川成都市
548,300560,中富通,中富通股份有限公司,300560,中富通,2016-11-01,福建福州市
549,300561,汇金科技,珠海汇金科技股份有限公司,300561,汇金科技,2016-11-17,广东珠海市
550,300562,乐心医疗,广东乐心医疗电子股份有限公司,300562,乐心医疗,2016-11-16,广东中山市
551,300563,神宇股份,神宇通信科技股份公司,300563,神宇股份,2016-11-14,江苏无锡市
552,300565,科信技术,深圳市科信通信技术股份有限公司,300565,科信技术,2016-11-22,广东深圳市
553,300566,激智科技,宁波激智科技股份有限公司,300566,激智科技,2016-11-15,浙江宁波市
554,300567,精测电子,武汉精测电子技术股份有限公司,300567,精测电子,2016-11-22,湖北武汉市
555,300568,星源材质,深圳市星源材质科技股份有限公司,300568,星源材质,2016-12-01,广东深圳市
556,300569,天能重工,青岛天能重工股份有限公司,300569,天能重工,2016-11-25,山东青岛市
557,300570,太辰光,深圳太辰光通信股份有限公司,300570,太辰光,2016-12-06,广东深圳市
558,300571,平治信息,杭州平治信息技术股份有限公司,300571,平治信息,2016-12-13,浙江杭州市
559,300572,安车检测,深圳市安车检测股份有限公司,300572,安车检测,2016-12-06,广东深圳市
560,300573,兴齐眼药,沈阳兴齐眼药股份有限公司,300573,兴齐眼药,2016-12-08,辽宁沈阳市
561,300575,中旗股份,江苏中旗作物保护股份有限公司,300575,中旗股份,2016-12-20,江苏南京市
562,300576,容大感光,深圳市容大感光科技股份有限公司,300576,容大感光,2016-12-20,广东深圳市
563,300577,开润股份,安徽开润股份有限公司,300577,开润股份,2016-12-21,安徽滁州市
564,300578,会畅通讯,上海会畅通讯股份有限公司,300578,会畅通讯,2017-01-25,上海市
565,300579,数字认证,北京数字认证股份有限公司,300579,数字认证,2016-12-23,北京市
566,300580,贝斯特,无锡贝斯特精机股份有限公司,300580,贝斯特,2017-01-11,江苏无锡市
567,300581,晨曦航空,西安晨曦航空科技股份有限公司,300581,晨曦航空,2016-12-20,陕西西安市
568,300582,英飞特,英飞特电子（杭州）股份有限公司,300582,英飞特,2016-12-28,浙江杭州市
569,300583,赛托生物,山东赛托生物科技股份有限公司,300583,赛托生物,2017-01-06,
570,300584,海辰药业,南京海辰药业股份有限公司,300584,海辰药业,2017-01-12,江苏南京市
571,300585,奥联电子,南京奥联汽车电子电器股份有限公司,300585,奥联电子,2016-12-29,江苏南京市
572,300586,美联新材,广东美联新材料股份有限公司,300586,美联新材,2017-01-04,广东汕头市
573,300587,天铁股份,浙江天铁实业股份有限公司,300587,天铁股份,2017-01-05,浙江台州市
574,300588,熙菱信息,新疆熙菱信息技术股份有限公司,300588,熙菱信息,2017-01-05,新疆乌鲁木齐市
575,300589,江龙船艇,江龙船艇科技股份有限公司,300589,江龙船艇,2017-01-13,广东中山市
576,300590,移为通信,上海移为通信技术股份有限公司,300590,移为通信,2017-01-11,上海市
577,300591,万里马,广东万里马实业股份有限公司,300591,万里马,2017-01-10,广东东莞市
578,300592,华凯创意,湖南华凯文化创意股份有限公司,300592,华凯创意,2017-01-20,湖南长沙市
579,300593,新雷能,北京新雷能科技股份有限公司,300593,新雷能,2017-01-13,北京市
580,300595,欧普康视,欧普康视科技股份有限公司,300595,欧普康视,2017-01-17,安徽合肥市
581,300596,利安隆,天津利安隆新材料股份有限公司,300596,利安隆,2017-01-19,天津市
582,300597,吉大通信,吉林吉大通信设计院股份有限公司,300597,吉大通信,2017-01-23,吉林长春市
583,300598,诚迈科技,诚迈科技（南京）股份有限公司,300598,诚迈科技,2017-01-20,江苏南京市
584,300599,雄塑科技,广东雄塑科技集团股份有限公司,300599,雄塑科技,2017-01-23,广东佛山市
585,300600,瑞特股份,常熟瑞特电气股份有限公司,300600,瑞特股份,2017-01-25,江苏苏州市
586,300602,飞荣达,深圳市飞荣达科技股份有限公司,300602,飞荣达,2017-01-26,广东深圳市
